{"cameraMode":{"drawMode":0,"name":"Shaded","section":"Shading Mode"},"sceneLighting":true,"audioPlay":false,"sceneViewState":{"showFog":true,"showMaterialUpdate":false,"showSkybox":true,"showFlares":true,"showImageEffects":true,"showParticleSystems":true},"in2DMode":false,"pivot":{"x":-0.8778501152992249,"y":-0.9952862858772278,"z":3.5523252487182619},"rotation":{"x":-0.24005015194416047,"y":0.5372775197029114,"z":-0.16285546123981477,"w":-0.7919512987136841},"size":10.0,"orthographic":false}