{"cameraMode":{"drawMode":0,"name":"Shaded","section":"Shading Mode"},"sceneLighting":false,"audioPlay":false,"sceneViewState":{"showFog":true,"showMaterialUpdate":false,"showSkybox":false,"showFlares":true,"showImageEffects":true,"showParticleSystems":true},"in2DMode":false,"pivot":{"x":0.0,"y":1.1404396295547486,"z":-0.000316619873046875},"rotation":{"x":-0.08669634908437729,"y":-0.9082866907119751,"z":0.33506500720977785,"w":-0.23501607775688172},"size":46.89269256591797,"orthographic":false}