{"cameraMode":{"drawMode":0,"name":"Shaded","section":"Shading Mode"},"sceneLighting":false,"audioPlay":false,"sceneViewState":{"showFog":true,"showMaterialUpdate":false,"showSkybox":false,"showFlares":true,"showImageEffects":true,"showParticleSystems":true},"in2DMode":false,"pivot":{"x":-0.16854095458984376,"y":-2.200324773788452,"z":-0.3367424011230469},"rotation":{"x":0.36987900733947756,"y":-0.24419063329696656,"z":0.10140720754861832,"w":0.8906703591346741},"size":115.59716033935547,"orthographic":false}