{"cameraMode":{"drawMode":0,"name":"Shaded","section":"Shading Mode"},"sceneLighting":false,"audioPlay":false,"sceneViewState":{"showFog":true,"showMaterialUpdate":false,"showSkybox":false,"showFlares":true,"showImageEffects":true,"showParticleSystems":true},"in2DMode":false,"pivot":{"x":-0.037480831146240237,"y":2.0488500595092775,"z":-0.15558481216430665},"rotation":{"x":0.3745923638343811,"y":-0.24890398979187013,"z":0.10511999577283859,"w":0.8869576454162598},"size":13.336895942687989,"orthographic":false}