{"cameraMode":{"drawMode":0,"name":"Shaded","section":"Shading Mode"},"sceneLighting":false,"audioPlay":false,"sceneViewState":{"showFog":true,"showMaterialUpdate":false,"showSkybox":false,"showFlares":true,"showImageEffects":true,"showParticleSystems":true},"in2DMode":false,"pivot":{"x":-0.9812757968902588,"y":0.18805885314941407,"z":1.717785358428955},"rotation":{"x":-0.08669634908437729,"y":-0.9082866907119751,"z":0.33506500720977785,"w":-0.23501607775688172},"size":6.876309394836426,"orthographic":false}