{"cameraMode":{"drawMode":0,"name":"Shaded","section":"Shading Mode"},"sceneLighting":false,"audioPlay":false,"sceneViewState":{"showFog":true,"showMaterialUpdate":false,"showSkybox":false,"showFlares":true,"showImageEffects":true,"showParticleSystems":true},"in2DMode":false,"pivot":{"x":13.982678413391114,"y":1.4873714447021485,"z":10.221705436706543},"rotation":{"x":0.07624948024749756,"y":0.8740794062614441,"z":-0.4570674002170563,"w":0.14581668376922608},"size":22.0,"orthographic":false}