{"cameraMode":{"drawMode":0,"name":"Shaded","section":"Shading Mode"},"sceneLighting":true,"audioPlay":false,"sceneViewState":{"showFog":true,"showMaterialUpdate":false,"showSkybox":false,"showFlares":true,"showImageEffects":true,"showParticleSystems":true},"in2DMode":false,"pivot":{"x":3.0601043701171877,"y":4.378827095031738,"z":-4.206445693969727},"rotation":{"x":-0.08038649708032608,"y":-0.9159212112426758,"z":0.23173712193965913,"w":-0.31771376729011538},"size":22.0,"orthographic":false}