{"cameraMode":{"drawMode":0,"name":"Shaded","section":"Shading Mode"},"sceneLighting":true,"audioPlay":false,"sceneViewState":{"showFog":true,"showMaterialUpdate":false,"showSkybox":false,"showFlares":true,"showImageEffects":true,"showParticleSystems":true},"in2DMode":false,"pivot":{"x":4.92579984664917,"y":-23.304054260253908,"z":26.567577362060548},"rotation":{"x":0.37347614765167239,"y":0.01559369545429945,"z":-0.0062789167277514938,"w":0.9274892807006836},"size":44.628509521484378,"orthographic":false}