{"cameraMode":{"drawMode":0,"name":"Shaded","section":"Shading Mode"},"sceneLighting":false,"audioPlay":false,"sceneViewState":{"showFog":true,"showMaterialUpdate":false,"showSkybox":false,"showFlares":true,"showImageEffects":true,"showParticleSystems":true},"in2DMode":false,"pivot":{"x":0.015197575092315674,"y":0.635242223739624,"z":0.6286712884902954},"rotation":{"x":0.28096798062324526,"y":0.7064798474311829,"z":-0.37349963188171389,"w":0.5315102338790894},"size":6.015526294708252,"orthographic":false}