{"cameraMode":{"drawMode":0,"name":"Shaded","section":"Shading Mode"},"sceneLighting":true,"audioPlay":false,"sceneViewState":{"showFog":true,"showMaterialUpdate":true,"showSkybox":true,"showFlares":true,"showImageEffects":true,"showParticleSystems":true},"in2DMode":false,"pivot":{"x":-1.5577950477600098,"y":-6.080682277679443,"z":-16.180845260620118},"rotation":{"x":0.15911516547203065,"y":-0.7121109366416931,"z":0.1710961014032364,"w":0.6621766090393066},"size":95.51184844970703,"orthographic":false}