{"cameraMode":{"drawMode":0,"name":"Shaded","section":"Shading Mode"},"sceneLighting":false,"audioPlay":false,"sceneViewState":{"showFog":true,"showMaterialUpdate":true,"showSkybox":false,"showFlares":true,"showImageEffects":true,"showParticleSystems":true},"in2DMode":false,"pivot":{"x":0.0,"y":0.3120676875114441,"z":-0.18413764238357545},"rotation":{"x":0.4162096083164215,"y":-0.011992044746875763,"z":0.005494170822203159,"w":0.909180760383606},"size":6.04528284072876,"orthographic":false}