{"cameraMode":{"drawMode":0,"name":"Shaded","section":"Shading Mode"},"sceneLighting":true,"audioPlay":false,"sceneViewState":{"showFog":true,"showMaterialUpdate":true,"showSkybox":true,"showFlares":true,"showImageEffects":true,"showParticleSystems":true},"in2DMode":false,"pivot":{"x":-20.965965270996095,"y":-1.0026029348373414,"z":-22.861494064331056},"rotation":{"x":-0.16443364322185517,"y":0.8081066608428955,"z":-0.2662826478481293,"w":-0.4990178644657135},"size":12.728038787841797,"orthographic":false}