{"cameraMode":{"drawMode":0,"name":"Shaded","section":"Shading Mode"},"sceneLighting":true,"audioPlay":false,"sceneViewState":{"showFog":true,"showMaterialUpdate":true,"showSkybox":true,"showFlares":true,"showImageEffects":true,"showParticleSystems":true},"in2DMode":false,"pivot":{"x":5.685432434082031,"y":-4.947244644165039,"z":5.1727824211120609},"rotation":{"x":0.24387671053409577,"y":-0.7206977009773254,"z":0.3073953688144684,"w":0.571584165096283},"size":12.508393287658692,"orthographic":false}