{"cameraMode":{"drawMode":0,"name":"Shaded","section":"Shading Mode"},"sceneLighting":true,"audioPlay":false,"sceneViewState":{"showFog":true,"showMaterialUpdate":true,"showSkybox":true,"showFlares":true,"showImageEffects":true,"showParticleSystems":true},"in2DMode":false,"pivot":{"x":-10.542617797851563,"y":-32.00823211669922,"z":30.898849487304689},"rotation":{"x":0.3618444502353668,"y":-0.3263985216617584,"z":0.13686050474643708,"w":0.8624891042709351},"size":53.2631721496582,"orthographic":false}