{"cameraMode":{"drawMode":0,"name":"Shaded","section":"Shading Mode"},"sceneLighting":true,"audioPlay":false,"sceneViewState":{"showFog":true,"showMaterialUpdate":true,"showSkybox":true,"showFlares":true,"showImageEffects":true,"showParticleSystems":true},"in2DMode":false,"pivot":{"x":16.14339256286621,"y":-7.171729564666748,"z":18.723711013793947},"rotation":{"x":-0.3865312933921814,"y":-0.07150904089212418,"z":0.030217457562685014,"w":-0.919104278087616},"size":16.615192413330079,"orthographic":false}