{"cameraMode":{"drawMode":0,"name":"Shaded","section":"Shading Mode"},"sceneLighting":true,"audioPlay":false,"sceneViewState":{"showFog":true,"showMaterialUpdate":false,"showSkybox":false,"showFlares":true,"showImageEffects":true,"showParticleSystems":true},"in2DMode":false,"pivot":{"x":-6.849334239959717,"y":-12.009900093078614,"z":-2.674207925796509},"rotation":{"x":-0.3848598301410675,"y":0.16935071349143983,"z":-0.07206128537654877,"w":-0.9044488072395325},"size":33.37128829956055,"orthographic":false}