{"cameraMode":{"drawMode":0,"name":"Shaded","section":"Shading Mode"},"sceneLighting":false,"audioPlay":false,"sceneViewState":{"showFog":true,"showMaterialUpdate":false,"showSkybox":false,"showFlares":true,"showImageEffects":true,"showParticleSystems":true},"in2DMode":false,"pivot":{"x":0.020814895629882814,"y":2.945892810821533,"z":-0.10144925117492676},"rotation":{"x":0.28096798062324526,"y":0.7064798474311829,"z":-0.37349963188171389,"w":0.5315102338790894},"size":15.990017890930176,"orthographic":false}