{"cameraMode":{"drawMode":0,"name":"Shaded","section":"Shading Mode"},"sceneLighting":true,"audioPlay":false,"sceneViewState":{"showFog":true,"showMaterialUpdate":false,"showSkybox":false,"showFlares":true,"showImageEffects":true,"showParticleSystems":true},"in2DMode":false,"pivot":{"x":-9.793869972229004,"y":-2.2593324184417726,"z":-35.99680709838867},"rotation":{"x":0.2685946524143219,"y":-0.6509848237037659,"z":0.2655458152294159,"w":0.6584606170654297},"size":10.89196491241455,"orthographic":false}