{"cameraMode":{"drawMode":0,"name":"Shaded","section":"Shading Mode"},"sceneLighting":false,"audioPlay":false,"sceneViewState":{"showFog":true,"showMaterialUpdate":false,"showSkybox":false,"showFlares":true,"showImageEffects":true,"showParticleSystems":true},"in2DMode":false,"pivot":{"x":0.23157835006713868,"y":4.396695613861084,"z":0.11443889141082764},"rotation":{"x":0.28096798062324526,"y":0.7064798474311829,"z":-0.37349963188171389,"w":0.5315102338790894},"size":18.86160659790039,"orthographic":false}