{"cameraMode":{"drawMode":0,"name":"Shaded","section":"Shading Mode"},"sceneLighting":false,"audioPlay":false,"sceneViewState":{"showFog":true,"showMaterialUpdate":false,"showSkybox":false,"showFlares":true,"showImageEffects":true,"showParticleSystems":true},"in2DMode":false,"pivot":{"x":1.7407636642456055,"y":1.3310070037841797,"z":-0.4697151184082031},"rotation":{"x":0.12243950366973877,"y":-0.8756232261657715,"z":0.36024239659309389,"w":0.2975820004940033},"size":12.087393760681153,"orthographic":false}