{"cameraMode":{"drawMode":0,"name":"Shaded","section":"Shading Mode"},"sceneLighting":false,"audioPlay":false,"sceneViewState":{"showFog":true,"showMaterialUpdate":false,"showSkybox":false,"showFlares":true,"showImageEffects":true,"showParticleSystems":true},"in2DMode":false,"pivot":{"x":11.946950912475586,"y":-2.870872735977173,"z":10.869949340820313},"rotation":{"x":-0.23013313114643098,"y":0.7687439918518066,"z":-0.39759159088134768,"w":-0.4449632167816162},"size":7.000689506530762,"orthographic":false}