{"cameraMode":{"drawMode":0,"name":"Shaded","section":"Shading Mode"},"sceneLighting":false,"audioPlay":false,"sceneViewState":{"showFog":true,"showMaterialUpdate":false,"showSkybox":false,"showFlares":true,"showImageEffects":true,"showParticleSystems":true},"in2DMode":false,"pivot":{"x":0.0,"y":0.9499995708465576,"z":3.576287781470455e-7},"rotation":{"x":-0.21685020625591279,"y":0.771787703037262,"z":-0.34078752994537356,"w":-0.49110478162765505},"size":3.1350317001342775,"orthographic":false}