{"cameraMode":{"drawMode":0,"name":"Shaded","section":"Shading Mode"},"sceneLighting":false,"audioPlay":false,"sceneViewState":{"showFog":true,"showMaterialUpdate":false,"showSkybox":false,"showFlares":true,"showImageEffects":true,"showParticleSystems":true},"in2DMode":false,"pivot":{"x":28.868045806884767,"y":12.084671020507813,"z":11.202152252197266},"rotation":{"x":-0.21685020625591279,"y":0.771787703037262,"z":-0.34078752994537356,"w":-0.49110478162765505},"size":7.048112869262695,"orthographic":false}