{"cameraMode":{"drawMode":0,"name":"Shaded","section":"Shading Mode"},"sceneLighting":true,"audioPlay":false,"sceneViewState":{"showFog":true,"showMaterialUpdate":false,"showSkybox":false,"showFlares":true,"showImageEffects":true,"showParticleSystems":true},"in2DMode":false,"pivot":{"x":6.700000762939453,"y":5.700000762939453,"z":8.799999237060547},"rotation":{"x":-0.21685020625591279,"y":0.771787703037262,"z":-0.34078752994537356,"w":-0.49110478162765505},"size":191.24957275390626,"orthographic":false}