{"cameraMode":{"drawMode":0,"name":"Shaded","section":"Shading Mode"},"sceneLighting":true,"audioPlay":false,"sceneViewState":{"showFog":true,"showMaterialUpdate":false,"showSkybox":true,"showFlares":true,"showImageEffects":true,"showParticleSystems":true},"in2DMode":false,"pivot":{"x":1.828539490699768,"y":1.8360862731933594,"z":-13.233531951904297},"rotation":{"x":-0.1645217388868332,"y":0.834209144115448,"z":-0.3461377024650574,"w":-0.396505743265152},"size":5.785325527191162,"orthographic":false}