{"cameraMode":{"drawMode":0,"name":"Shaded","section":"Shading Mode"},"sceneLighting":true,"audioPlay":false,"sceneViewState":{"showFog":true,"showMaterialUpdate":false,"showSkybox":false,"showFlares":true,"showImageEffects":true,"showParticleSystems":true},"in2DMode":false,"pivot":{"x":6.469999313354492,"y":6.1399993896484379,"z":5.6100006103515629},"rotation":{"x":-0.21685020625591279,"y":0.771787703037262,"z":-0.34078752994537356,"w":-0.49110478162765505},"size":40.010372161865237,"orthographic":false}