{"cameraMode":{"drawMode":0,"name":"Shaded","section":"Shading Mode"},"sceneLighting":true,"audioPlay":false,"sceneViewState":{"showFog":true,"showMaterialUpdate":false,"showSkybox":true,"showFlares":true,"showImageEffects":true,"showParticleSystems":true},"in2DMode":false,"pivot":{"x":180.18896484375,"y":8.110027313232422,"z":127.2699966430664},"rotation":{"x":0.1429578959941864,"y":-0.7262594103813171,"z":0.1589074581861496,"w":0.6533560752868652},"size":14.07673454284668,"orthographic":false}