{"cameraMode":{"drawMode":0,"name":"Shaded","section":"Shading Mode"},"sceneLighting":false,"audioPlay":false,"sceneViewState":{"showFog":true,"showMaterialUpdate":false,"showSkybox":false,"showFlares":true,"showImageEffects":true,"showParticleSystems":true},"in2DMode":false,"pivot":{"x":13.020809173583985,"y":1.6041197776794434,"z":11.05942153930664},"rotation":{"x":-0.22910869121551515,"y":-0.6001185178756714,"z":0.18485499918460847,"w":-0.7437815070152283},"size":2.6577789783477785,"orthographic":false}