{"cameraMode":{"drawMode":0,"name":"Shaded","section":"Shading Mode"},"sceneLighting":true,"audioPlay":false,"sceneViewState":{"showFog":true,"showMaterialUpdate":false,"showSkybox":true,"showFlares":true,"showImageEffects":true,"showParticleSystems":true},"in2DMode":false,"pivot":{"x":250.09060668945313,"y":322.5018310546875,"z":-17.447551727294923},"rotation":{"x":-0.032794345170259479,"y":-0.3346065282821655,"z":0.011652195826172829,"w":-0.9417171478271484},"size":770.5528564453125,"orthographic":false}