{"cameraMode":{"drawMode":0,"name":"Shaded","section":"Shading Mode"},"sceneLighting":true,"audioPlay":false,"sceneViewState":{"showFog":true,"showMaterialUpdate":false,"showSkybox":true,"showFlares":true,"showImageEffects":true,"showParticleSystems":true},"in2DMode":false,"pivot":{"x":-73.37777709960938,"y":-91.5494384765625,"z":37.37785339355469},"rotation":{"x":0.12628325819969178,"y":-0.8222662210464478,"z":0.20070728659629823,"w":0.517359733581543},"size":564.6143798828125,"orthographic":false}