{"cameraMode":{"drawMode":0,"name":"Shaded","section":"Shading Mode"},"sceneLighting":false,"audioPlay":false,"sceneViewState":{"showFog":true,"showMaterialUpdate":false,"showSkybox":false,"showFlares":true,"showImageEffects":true,"showParticleSystems":true},"in2DMode":false,"pivot":{"x":-0.014099538326263428,"y":0.46831071376800539,"z":0.3776630759239197},"rotation":{"x":-0.16070537269115449,"y":0.8359438180923462,"z":-0.32790103554725649,"w":-0.40969881415367129},"size":5.099599838256836,"orthographic":false}