{"cameraMode":{"drawMode":0,"name":"Shaded","section":"Shading Mode"},"sceneLighting":false,"audioPlay":false,"sceneViewState":{"showFog":true,"showMaterialUpdate":false,"showSkybox":false,"showFlares":true,"showImageEffects":true,"showParticleSystems":true},"in2DMode":false,"pivot":{"x":0.09365367889404297,"y":2.3247060775756838,"z":0.06983542442321778},"rotation":{"x":-0.03918991610407829,"y":0.66898512840271,"z":-0.03536072373390198,"w":-0.7414032816886902},"size":13.222562789916993,"orthographic":false}