{"cameraMode":{"drawMode":0,"name":"Shaded","section":"Shading Mode"},"sceneLighting":false,"audioPlay":false,"sceneViewState":{"showFog":true,"showMaterialUpdate":false,"showSkybox":false,"showFlares":true,"showImageEffects":true,"showParticleSystems":true},"in2DMode":false,"pivot":{"x":-0.23550868034362794,"y":0.29584407806396487,"z":1.3073368072509766},"rotation":{"x":-0.2982878088951111,"y":0.5710732936859131,"z":-0.23394852876663209,"w":-0.7281267642974854},"size":4.55902099609375,"orthographic":false}