{"cameraMode":{"drawMode":0,"name":"Shaded","section":"Shading Mode"},"sceneLighting":false,"audioPlay":false,"sceneViewState":{"showFog":true,"showMaterialUpdate":false,"showSkybox":false,"showFlares":true,"showImageEffects":true,"showParticleSystems":true},"in2DMode":false,"pivot":{"x":-0.02072465419769287,"y":2.0785441398620607,"z":-0.21296000480651856},"rotation":{"x":-0.16070537269115449,"y":0.8359438180923462,"z":-0.32790103554725649,"w":-0.40969881415367129},"size":11.645354270935059,"orthographic":false}