{"cameraMode":{"drawMode":0,"name":"Shaded","section":"Shading Mode"},"sceneLighting":true,"audioPlay":false,"sceneViewState":{"showFog":true,"showMaterialUpdate":false,"showSkybox":true,"showFlares":true,"showImageEffects":true,"showParticleSystems":true},"in2DMode":false,"pivot":{"x":1.056595802307129,"y":1.230250597000122,"z":1.2257843017578126},"rotation":{"x":0.5685964822769165,"y":0.3504863679409027,"z":-0.29079991579055788,"w":0.685094952583313},"size":47.048255920410159,"orthographic":false}