{"cameraMode":{"drawMode":0,"name":"Shaded","section":"Shading Mode"},"sceneLighting":true,"audioPlay":false,"sceneViewState":{"showFog":true,"showMaterialUpdate":false,"showSkybox":true,"showFlares":true,"showImageEffects":true,"showParticleSystems":true},"in2DMode":false,"pivot":{"x":23.372539520263673,"y":5.634875297546387,"z":1.5292234420776368},"rotation":{"x":-0.1590946465730667,"y":0.6657386422157288,"z":-0.14838950335979463,"w":-0.7137662768363953},"size":18.9930419921875,"orthographic":false}