{"cameraMode":{"drawMode":0,"name":"Shaded","section":"Shading Mode"},"sceneLighting":true,"audioPlay":false,"sceneViewState":{"showFog":true,"showMaterialUpdate":false,"showSkybox":true,"showFlares":true,"showImageEffects":true,"showParticleSystems":true},"in2DMode":false,"pivot":{"x":16.250743865966798,"y":-3.4548277854919435,"z":5.606039047241211},"rotation":{"x":-0.21771076321601869,"y":0.7113661170005798,"z":-0.24988459050655366,"w":-0.6197741627693176},"size":28.654956817626954,"orthographic":false}