{"cameraMode":{"drawMode":0,"name":"Shaded","section":"Shading Mode"},"sceneLighting":false,"audioPlay":false,"sceneViewState":{"showFog":true,"showMaterialUpdate":false,"showSkybox":false,"showFlares":true,"showImageEffects":true,"showParticleSystems":true},"in2DMode":false,"pivot":{"x":12.058002471923829,"y":19.737529754638673,"z":5.836831569671631},"rotation":{"x":-0.20441536605358125,"y":0.7252159118652344,"z":-0.2425926923751831,"w":-0.6110886931419373},"size":22.0,"orthographic":false}