{"cameraMode":{"drawMode":0,"name":"Shaded","section":"Shading Mode"},"sceneLighting":false,"audioPlay":false,"sceneViewState":{"showFog":true,"showMaterialUpdate":false,"showSkybox":false,"showFlares":true,"showImageEffects":true,"showParticleSystems":true},"in2DMode":false,"pivot":{"x":23.385921478271486,"y":5.634876251220703,"z":3.199265956878662},"rotation":{"x":-0.3336101770401001,"y":0.363893061876297,"z":-0.1414797604084015,"w":-0.8580619692802429},"size":28.59598159790039,"orthographic":false}