{"cameraMode":{"drawMode":0,"name":"Shaded","section":"Shading Mode"},"sceneLighting":false,"audioPlay":false,"sceneViewState":{"showFog":true,"showMaterialUpdate":false,"showSkybox":false,"showFlares":true,"showImageEffects":true,"showParticleSystems":true},"in2DMode":false,"pivot":{"x":0.0,"y":0.8659254312515259,"z":-0.07776057720184326},"rotation":{"x":-0.20441536605358125,"y":0.7252159118652344,"z":-0.2425926923751831,"w":-0.6110886931419373},"size":3.8982772827148439,"orthographic":false}