{"cameraMode":{"drawMode":0,"name":"Shaded","section":"Shading Mode"},"sceneLighting":true,"audioPlay":false,"sceneViewState":{"showFog":true,"showMaterialUpdate":false,"showSkybox":true,"showFlares":true,"showImageEffects":true,"showParticleSystems":true},"in2DMode":false,"pivot":{"x":179.70611572265626,"y":5.240927696228027,"z":131.49745178222657},"rotation":{"x":-0.39535921812057497,"y":0.0371815450489521,"z":-0.016020644456148149,"w":-0.9176406860351563},"size":29.23615264892578,"orthographic":false}