{"cameraMode":{"drawMode":0,"name":"Shaded","section":"Shading Mode"},"sceneLighting":true,"audioPlay":false,"sceneViewState":{"showFog":true,"showMaterialUpdate":false,"showSkybox":true,"showFlares":true,"showImageEffects":true,"showParticleSystems":true},"in2DMode":false,"pivot":{"x":78.95415496826172,"y":-49.28660202026367,"z":49.96354675292969},"rotation":{"x":-0.2117285132408142,"y":-0.3813006281852722,"z":0.09017615765333176,"w":-0.8953653573989868},"size":174.69921875,"orthographic":false}