{"cameraMode":{"drawMode":0,"name":"Shaded","section":"Shading Mode"},"sceneLighting":true,"audioPlay":false,"sceneViewState":{"showFog":true,"showMaterialUpdate":false,"showSkybox":true,"showFlares":true,"showImageEffects":true,"showParticleSystems":true},"in2DMode":false,"pivot":{"x":3.880296468734741,"y":0.537879467010498,"z":-19.51872444152832},"rotation":{"x":0.07480596005916596,"y":-0.9109904170036316,"z":0.3582824170589447,"w":0.1901751309633255},"size":8.942686080932618,"orthographic":false}