{"cameraMode":{"drawMode":0,"name":"Shaded","section":"Shading Mode"},"sceneLighting":false,"audioPlay":false,"sceneViewState":{"showFog":true,"showMaterialUpdate":false,"showSkybox":false,"showFlares":true,"showImageEffects":true,"showParticleSystems":true},"in2DMode":false,"pivot":{"x":0.006234407424926758,"y":0.7438151240348816,"z":-0.03671574592590332},"rotation":{"x":-0.3336101770401001,"y":0.363893061876297,"z":-0.1414797604084015,"w":-0.8580619692802429},"size":1.0290555953979493,"orthographic":false}